Make,Model,n_samples,RV_3y_base,RV_4y_base,RV_5y_base,RV_3y_opt,RV_3y_cons,RV_3y_stress,RV_4y_opt,RV_4y_cons,RV_4y_stress,RV_5y_opt,RV_5y_cons,RV_5y_stress
BMW,i3,140,20220.074667790388,16697.004378998314,13787.780698771998,21231.078401179908,18198.06720101135,16176.05973423231,17531.85459794823,15027.303941098482,13357.603503198652,14477.169733710598,12409.002628894797,11030.224559017599
Hyundai,Kona Electric,140,19675.168755756204,16368.416850410607,13617.421711334558,20658.927193544016,17707.651880180583,15740.135004604963,17186.837692931138,14731.575165369546,13094.733480328487,14298.292796901287,12255.679540201103,10893.937369067648
Kia,e-Niro,140,20785.112650533076,17310.033769014604,14415.955983608354,21824.36828305973,18706.601385479767,16628.090120426463,18175.535457465336,15579.030392113144,13848.027015211685,15136.753782788772,12974.360385247519,11532.764786886684
Nissan,Leaf,140,16261.58211429832,13268.816524725791,10826.836572809887,17074.661220013237,14635.423902868488,13009.265691438657,13932.257350962082,11941.934872253212,10615.053219780633,11368.178401450381,9744.152915528899,8661.46925824791
Renault,Zoe,140,13830.577179312153,11158.912692591583,9003.335932150478,14522.106038277761,12447.519461380938,11064.461743449723,11716.858327221162,10043.021423332424,8927.130154073266,9453.502728758001,8103.00233893543,7202.6687457203825
Tesla,Model 3,140,24156.299084455688,20149.067027187833,16806.585340192065,25364.114038678472,21740.66917601012,19325.039267564553,21156.520378547226,18134.160324469052,16119.253621750267,17646.91460720167,15125.926806172858,13445.268272153653
Tesla,Model Y,140,28161.224050539244,23757.858652476963,20043.015415030106,29569.285253066206,25345.10164548532,22528.979240431396,24945.751585100814,21382.072787229266,19006.286921981573,21045.16618578161,18038.713873527096,16034.412332024085
VW,ID.3,140,20722.956242205586,17277.764855544792,14405.336522185627,21759.104054315867,18650.660617985028,16578.36499376447,18141.653098322033,15549.988369990313,13822.211884435834,15125.60334829491,12964.802869967065,11524.269217748502
